dv-loss-dmg-ds-loc-dir,COST-B.10.35.001-B.10.35.001-1-1-1,COST-B.10.35.001-B.10.35.001-1-1-2,COST-B.10.35.001-B.10.35.001-1-2-1,COST-B.10.35.001-B.10.35.001-1-2-2,COST-B.10.35.001-B.10.35.001-1-3-1,COST-B.10.35.001-B.10.35.001-1-3-2,COST-B.10.35.001-B.10.35.001-2-1-1,COST-B.10.35.001-B.10.35.001-2-1-2,COST-B.10.35.001-B.10.35.001-2-2-1,COST-B.10.35.001-B.10.35.001-2-2-2,COST-B.10.35.001-B.10.35.001-2-3-1,COST-B.10.35.001-B.10.35.001-2-3-2,COST-B.10.35.001-B.10.35.001-3-1-1,COST-B.10.35.001-B.10.35.001-3-1-2,COST-B.10.35.001-B.10.35.001-3-2-1,COST-B.10.35.001-B.10.35.001-3-2-2,COST-B.10.35.001-B.10.35.001-3-3-1,COST-B.10.35.001-B.10.35.001-3-3-2,COST-B.20.22.001-B.20.22.001-1-1-1,COST-B.20.22.001-B.20.22.001-1-1-2,COST-B.20.22.001-B.20.22.001-1-2-1,COST-B.20.22.001-B.20.22.001-1-2-2,COST-B.20.22.001-B.20.22.001-1-3-1,COST-B.20.22.001-B.20.22.001-1-3-2,COST-B.20.22.001-B.20.22.001-2-1-1,COST-B.20.22.001-B.20.22.001-2-1-2,COST-B.20.22.001-B.20.22.001-2-2-1,COST-B.20.22.001-B.20.22.001-2-2-2,COST-B.20.22.001-B.20.22.001-2-3-1,COST-B.20.22.001-B.20.22.001-2-3-2,COST-C.10.11.001b-C.10.11.001b-1-1-1,COST-C.10.11.001b-C.10.11.001b-1-1-2,COST-C.10.11.001b-C.10.11.001b-1-2-1,COST-C.10.11.001b-C.10.11.001b-1-2-2,COST-C.10.11.001b-C.10.11.001b-1-3-1,COST-C.10.11.001b-C.10.11.001b-1-3-2,COST-C.10.11.001b-C.10.11.001b-2-1-1,COST-C.10.11.001b-C.10.11.001b-2-1-2,COST-C.10.11.001b-C.10.11.001b-2-2-1,COST-C.10.11.001b-C.10.11.001b-2-2-2,COST-C.10.11.001b-C.10.11.001b-2-3-1,COST-C.10.11.001b-C.10.11.001b-2-3-2,COST-C.10.11.001b-C.10.11.001b-3-1-1,COST-C.10.11.001b-C.10.11.001b-3-1-2,COST-C.10.11.001b-C.10.11.001b-3-2-1,COST-C.10.11.001b-C.10.11.001b-3-2-2,COST-C.10.11.001b-C.10.11.001b-3-3-1,COST-C.10.11.001b-C.10.11.001b-3-3-2,COST-C.10.11.001c-C.10.11.001c-1-1-1,COST-C.10.11.001c-C.10.11.001c-1-1-2,COST-C.10.11.001c-C.10.11.001c-1-2-1,COST-C.10.11.001c-C.10.11.001c-1-2-2,COST-C.10.11.001c-C.10.11.001c-1-3-1,COST-C.10.11.001c-C.10.11.001c-1-3-2,COST-C.10.11.001c-C.10.11.001c-2-1-1,COST-C.10.11.001c-C.10.11.001c-2-1-2,COST-C.10.11.001c-C.10.11.001c-2-2-1,COST-C.10.11.001c-C.10.11.001c-2-2-2,COST-C.10.11.001c-C.10.11.001c-2-3-1,COST-C.10.11.001c-C.10.11.001c-2-3-2,COST-C.10.11.001c-C.10.11.001c-3-1-1,COST-C.10.11.001c-C.10.11.001c-3-1-2,COST-C.10.11.001c-C.10.11.001c-3-2-1,COST-C.10.11.001c-C.10.11.001c-3-2-2,COST-C.10.11.001c-C.10.11.001c-3-3-1,COST-C.10.11.001c-C.10.11.001c-3-3-2,COST-C.30.11.001b-C.30.11.001b-1-1-1,COST-C.30.11.001b-C.30.11.001b-1-1-2,COST-C.30.11.001b-C.30.11.001b-1-2-1,COST-C.30.11.001b-C.30.11.001b-1-2-2,COST-C.30.11.001b-C.30.11.001b-1-3-1,COST-C.30.11.001b-C.30.11.001b-1-3-2,COST-C.30.11.002c-C.30.11.002c-1-1-1,COST-C.30.11.002c-C.30.11.002c-1-1-2,COST-C.30.11.002c-C.30.11.002c-1-2-1,COST-C.30.11.002c-C.30.11.002c-2-1-1,COST-C.30.11.002c-C.30.11.002c-2-1-2,COST-C.30.11.002c-C.30.11.002c-2-2-1,COST-C.30.11.002c-C.30.11.002c-2-2-2,COST-C.30.11.002c-C.30.11.002c-2-3-1,COST-C.30.11.002c-C.30.11.002c-2-3-2,COST-C.30.27.002-C.30.27.002-1-1-0,COST-C.30.27.002-C.30.27.002-1-2-0,COST-C.30.27.002-C.30.27.002-1-3-0,COST-C.30.32.003a-C.30.32.003a-1-1-0,COST-C.30.32.003a-C.30.32.003a-1-2-0,COST-C.30.32.003a-C.30.32.003a-1-3-0,COST-C.30.32.003a-C.30.32.003a-2-1-0,COST-C.30.32.003a-C.30.32.003a-2-2-0,COST-C.30.32.003a-C.30.32.003a-2-3-0,COST-C.30.32.003a-C.30.32.003a-3-1-0,COST-C.30.32.003a-C.30.32.003a-3-2-0,COST-C.30.32.003a-C.30.32.003a-3-3-0,COST-C.30.32.003b-C.30.32.003b-1-1-0,COST-C.30.32.003b-C.30.32.003b-1-2-0,COST-C.30.32.003b-C.30.32.003b-1-3-0,COST-C.30.32.003b-C.30.32.003b-2-1-0,COST-C.30.32.003b-C.30.32.003b-2-2-0,COST-C.30.32.003b-C.30.32.003b-2-3-0,COST-C.30.32.003b-C.30.32.003b-3-1-0,COST-C.30.32.003b-C.30.32.003b-3-2-0,COST-C.30.32.003b-C.30.32.003b-3-3-0,COST-C.30.34.002-C.30.34.002-1-1-0,COST-C.30.34.002-C.30.34.002-1-2-0,COST-C.30.34.002-C.30.34.002-1-3-0,COST-D.10.14.021-D.10.14.021-1-1-0,COST-D.10.14.021-D.10.14.021-10-1-0,COST-D.10.14.021-D.10.14.021-11-1-0,COST-D.10.14.021-D.10.14.021-12-1-0,COST-D.10.14.021-D.10.14.021-13-1-0,COST-D.10.14.021-D.10.14.021-14-1-0,COST-D.10.14.021-D.10.14.021-15-1-0,COST-D.10.14.021-D.10.14.021-2-1-0,COST-D.10.14.021-D.10.14.021-3-1-0,COST-D.10.14.021-D.10.14.021-4-1-0,COST-D.10.14.021-D.10.14.021-5-1-0,COST-D.10.14.021-D.10.14.021-6-1-0,COST-D.10.14.021-D.10.14.021-7-1-0,COST-D.10.14.021-D.10.14.021-8-1-0,COST-D.10.14.021-D.10.14.021-9-1-0,COST-D.30.31.013h-D.30.31.013h-1-4-0,COST-D.30.41.011c-D.30.41.011c-1-1-0,COST-D.30.41.011c-D.30.41.011c-1-2-0,COST-D.30.41.011c-D.30.41.011c-1-3-0,COST-D.30.41.011c-D.30.41.011c-2-1-0,COST-D.30.41.011c-D.30.41.011c-2-2-0,COST-D.30.41.011c-D.30.41.011c-2-3-0,COST-D.30.52.013k-D.30.52.013k-1-4-0,COST-D.30.52.013k-D.30.52.013k-2-4-0,COST-D.30.67.012b-D.30.67.012b-1-1-0,COST-D.30.67.012b-D.30.67.012b-1-2-0,COST-D.30.67.012b-D.30.67.012b-1-3-0,COST-D.40.11.053a-D.40.11.053a-1-1-0,COST-D.40.11.053a-D.40.11.053a-1-2-0,COST-D.40.11.053a-D.40.11.053a-1-3-0,COST-D.40.11.053a-D.40.11.053a-2-1-0,COST-D.40.11.053a-D.40.11.053a-2-2-0,COST-D.40.11.053a-D.40.11.053a-2-3-0,COST-replacement-collapse-1-0-1,COST-replacement-irreparable-1-0-1,TIME-B.10.35.001-B.10.35.001-1-1-1,TIME-B.10.35.001-B.10.35.001-1-1-2,TIME-B.10.35.001-B.10.35.001-1-2-1,TIME-B.10.35.001-B.10.35.001-1-2-2,TIME-B.10.35.001-B.10.35.001-1-3-1,TIME-B.10.35.001-B.10.35.001-1-3-2,TIME-B.10.35.001-B.10.35.001-2-1-1,TIME-B.10.35.001-B.10.35.001-2-1-2,TIME-B.10.35.001-B.10.35.001-2-2-1,TIME-B.10.35.001-B.10.35.001-2-2-2,TIME-B.10.35.001-B.10.35.001-2-3-1,TIME-B.10.35.001-B.10.35.001-2-3-2,TIME-B.10.35.001-B.10.35.001-3-1-1,TIME-B.10.35.001-B.10.35.001-3-1-2,TIME-B.10.35.001-B.10.35.001-3-2-1,TIME-B.10.35.001-B.10.35.001-3-2-2,TIME-B.10.35.001-B.10.35.001-3-3-1,TIME-B.10.35.001-B.10.35.001-3-3-2,TIME-B.20.22.001-B.20.22.001-1-1-1,TIME-B.20.22.001-B.20.22.001-1-1-2,TIME-B.20.22.001-B.20.22.001-1-2-1,TIME-B.20.22.001-B.20.22.001-1-2-2,TIME-B.20.22.001-B.20.22.001-1-3-1,TIME-B.20.22.001-B.20.22.001-1-3-2,TIME-B.20.22.001-B.20.22.001-2-1-1,TIME-B.20.22.001-B.20.22.001-2-1-2,TIME-B.20.22.001-B.20.22.001-2-2-1,TIME-B.20.22.001-B.20.22.001-2-2-2,TIME-B.20.22.001-B.20.22.001-2-3-1,TIME-B.20.22.001-B.20.22.001-2-3-2,TIME-C.10.11.001b-C.10.11.001b-1-1-1,TIME-C.10.11.001b-C.10.11.001b-1-1-2,TIME-C.10.11.001b-C.10.11.001b-1-2-1,TIME-C.10.11.001b-C.10.11.001b-1-2-2,TIME-C.10.11.001b-C.10.11.001b-1-3-1,TIME-C.10.11.001b-C.10.11.001b-1-3-2,TIME-C.10.11.001b-C.10.11.001b-2-1-1,TIME-C.10.11.001b-C.10.11.001b-2-1-2,TIME-C.10.11.001b-C.10.11.001b-2-2-1,TIME-C.10.11.001b-C.10.11.001b-2-2-2,TIME-C.10.11.001b-C.10.11.001b-2-3-1,TIME-C.10.11.001b-C.10.11.001b-2-3-2,TIME-C.10.11.001b-C.10.11.001b-3-1-1,TIME-C.10.11.001b-C.10.11.001b-3-1-2,TIME-C.10.11.001b-C.10.11.001b-3-2-1,TIME-C.10.11.001b-C.10.11.001b-3-2-2,TIME-C.10.11.001b-C.10.11.001b-3-3-1,TIME-C.10.11.001b-C.10.11.001b-3-3-2,TIME-C.10.11.001c-C.10.11.001c-1-1-1,TIME-C.10.11.001c-C.10.11.001c-1-1-2,TIME-C.10.11.001c-C.10.11.001c-1-2-1,TIME-C.10.11.001c-C.10.11.001c-1-2-2,TIME-C.10.11.001c-C.10.11.001c-1-3-1,TIME-C.10.11.001c-C.10.11.001c-1-3-2,TIME-C.10.11.001c-C.10.11.001c-2-1-1,TIME-C.10.11.001c-C.10.11.001c-2-1-2,TIME-C.10.11.001c-C.10.11.001c-2-2-1,TIME-C.10.11.001c-C.10.11.001c-2-2-2,TIME-C.10.11.001c-C.10.11.001c-2-3-1,TIME-C.10.11.001c-C.10.11.001c-2-3-2,TIME-C.10.11.001c-C.10.11.001c-3-1-1,TIME-C.10.11.001c-C.10.11.001c-3-1-2,TIME-C.10.11.001c-C.10.11.001c-3-2-1,TIME-C.10.11.001c-C.10.11.001c-3-2-2,TIME-C.10.11.001c-C.10.11.001c-3-3-1,TIME-C.10.11.001c-C.10.11.001c-3-3-2,TIME-C.30.11.001b-C.30.11.001b-1-1-1,TIME-C.30.11.001b-C.30.11.001b-1-1-2,TIME-C.30.11.001b-C.30.11.001b-1-2-1,TIME-C.30.11.001b-C.30.11.001b-1-2-2,TIME-C.30.11.001b-C.30.11.001b-1-3-1,TIME-C.30.11.001b-C.30.11.001b-1-3-2,TIME-C.30.11.002c-C.30.11.002c-1-1-1,TIME-C.30.11.002c-C.30.11.002c-1-1-2,TIME-C.30.11.002c-C.30.11.002c-1-2-1,TIME-C.30.11.002c-C.30.11.002c-2-1-1,TIME-C.30.11.002c-C.30.11.002c-2-1-2,TIME-C.30.11.002c-C.30.11.002c-2-2-1,TIME-C.30.11.002c-C.30.11.002c-2-2-2,TIME-C.30.11.002c-C.30.11.002c-2-3-1,TIME-C.30.11.002c-C.30.11.002c-2-3-2,TIME-C.30.27.002-C.30.27.002-1-1-0,TIME-C.30.27.002-C.30.27.002-1-2-0,TIME-C.30.27.002-C.30.27.002-1-3-0,TIME-C.30.32.003a-C.30.32.003a-1-1-0,TIME-C.30.32.003a-C.30.32.003a-1-2-0,TIME-C.30.32.003a-C.30.32.003a-1-3-0,TIME-C.30.32.003a-C.30.32.003a-2-1-0,TIME-C.30.32.003a-C.30.32.003a-2-2-0,TIME-C.30.32.003a-C.30.32.003a-2-3-0,TIME-C.30.32.003a-C.30.32.003a-3-1-0,TIME-C.30.32.003a-C.30.32.003a-3-2-0,TIME-C.30.32.003a-C.30.32.003a-3-3-0,TIME-C.30.32.003b-C.30.32.003b-1-1-0,TIME-C.30.32.003b-C.30.32.003b-1-2-0,TIME-C.30.32.003b-C.30.32.003b-1-3-0,TIME-C.30.32.003b-C.30.32.003b-2-1-0,TIME-C.30.32.003b-C.30.32.003b-2-2-0,TIME-C.30.32.003b-C.30.32.003b-2-3-0,TIME-C.30.32.003b-C.30.32.003b-3-1-0,TIME-C.30.32.003b-C.30.32.003b-3-2-0,TIME-C.30.32.003b-C.30.32.003b-3-3-0,TIME-C.30.34.002-C.30.34.002-1-1-0,TIME-C.30.34.002-C.30.34.002-1-2-0,TIME-C.30.34.002-C.30.34.002-1-3-0,TIME-D.10.14.021-D.10.14.021-1-1-0,TIME-D.10.14.021-D.10.14.021-10-1-0,TIME-D.10.14.021-D.10.14.021-11-1-0,TIME-D.10.14.021-D.10.14.021-12-1-0,TIME-D.10.14.021-D.10.14.021-13-1-0,TIME-D.10.14.021-D.10.14.021-14-1-0,TIME-D.10.14.021-D.10.14.021-15-1-0,TIME-D.10.14.021-D.10.14.021-2-1-0,TIME-D.10.14.021-D.10.14.021-3-1-0,TIME-D.10.14.021-D.10.14.021-4-1-0,TIME-D.10.14.021-D.10.14.021-5-1-0,TIME-D.10.14.021-D.10.14.021-6-1-0,TIME-D.10.14.021-D.10.14.021-7-1-0,TIME-D.10.14.021-D.10.14.021-8-1-0,TIME-D.10.14.021-D.10.14.021-9-1-0,TIME-D.30.31.013h-D.30.31.013h-1-4-0,TIME-D.30.41.011c-D.30.41.011c-1-1-0,TIME-D.30.41.011c-D.30.41.011c-1-2-0,TIME-D.30.41.011c-D.30.41.011c-1-3-0,TIME-D.30.41.011c-D.30.41.011c-2-1-0,TIME-D.30.41.011c-D.30.41.011c-2-2-0,TIME-D.30.41.011c-D.30.41.011c-2-3-0,TIME-D.30.52.013k-D.30.52.013k-1-4-0,TIME-D.30.52.013k-D.30.52.013k-2-4-0,TIME-D.30.67.012b-D.30.67.012b-1-1-0,TIME-D.30.67.012b-D.30.67.012b-1-2-0,TIME-D.30.67.012b-D.30.67.012b-1-3-0,TIME-D.40.11.053a-D.40.11.053a-1-1-0,TIME-D.40.11.053a-D.40.11.053a-1-2-0,TIME-D.40.11.053a-D.40.11.053a-1-3-0,TIME-D.40.11.053a-D.40.11.053a-2-1-0,TIME-D.40.11.053a-D.40.11.053a-2-2-0,TIME-D.40.11.053a-D.40.11.053a-2-3-0,TIME-replacement-collapse-1-0-1,TIME-replacement-irreparable-1-0-1
count,500.0,500.0,500.0,500.0,500.0,500.0,500.0,500.0,500.0,500.0,500.0,500.0,500.0,500.0,500.0,500.0,500.0,500.0,500.0,500.0,500.0,500.0,500.0,500.0,500.0,500.0,500.0,500.0,500.0,500.0,500.0,500.0,500.0,500.0,500.0,500.0,500.0,500.0,500.0,500.0,500.0,500.0,500.0,500.0,500.0,500.0,500.0,500.0,500.0,500.0,500.0,500.0,500.0,500.0,500.0,500.0,500.0,500.0,500.0,500.0,500.0,500.0,500.0,500.0,500.0,500.0,500.0,500.0,500.0,500.0,500.0,500.0,500.0,500.0,500.0,500.0,500.0,500.0,500.0,500.0,500.0,500.0,500.0,500.0,500.0,500.0,500.0,500.0,500.0,500.0,500.0,500.0,500.0,500.0,500.0,500.0,500.0,500.0,500.0,500.0,500.0,500.0,500.0,500.0,500.0,500.0,500.0,500.0,500.0,500.0,500.0,500.0,500.0,500.0,500.0,500.0,500.0,500.0,500.0,500.0,500.0,500.0,500.0,500.0,500.0,500.0,500.0,500.0,500.0,500.0,500.0,500.0,500.0,500.0,500.0,500.0,500.0,500.0,500.0,500.0,500.0,500.0,500.0,500.0,500.0,500.0,500.0,500.0,500.0,500.0,500.0,500.0,500.0,500.0,500.0,500.0,500.0,500.0,500.0,500.0,500.0,500.0,500.0,500.0,500.0,500.0,500.0,500.0,500.0,500.0,500.0,500.0,500.0,500.0,500.0,500.0,500.0,500.0,500.0,500.0,500.0,500.0,500.0,500.0,500.0,500.0,500.0,500.0,500.0,500.0,500.0,500.0,500.0,500.0,500.0,500.0,500.0,500.0,500.0,500.0,500.0,500.0,500.0,500.0,500.0,500.0,500.0,500.0,500.0,500.0,500.0,500.0,500.0,500.0,500.0,500.0,500.0,500.0,500.0,500.0,500.0,500.0,500.0,500.0,500.0,500.0,500.0,500.0,500.0,500.0,500.0,500.0,500.0,500.0,500.0,500.0,500.0,500.0,500.0,500.0,500.0,500.0,500.0,500.0,500.0,500.0,500.0,500.0,500.0,500.0,500.0,500.0,500.0,500.0,500.0,500.0,500.0,500.0,500.0,500.0,500.0,500.0,500.0,500.0,500.0,500.0,500.0,500.0,500.0,500.0,500.0,500.0,500.0,500.0,500.0,500.0,500.0,500.0,500.0,500.0
mean,23070.14133117279,25960.997785677657,32711.36279105324,36158.856374691975,32957.74124339522,36341.38892345277,20246.872581261978,18196.577058847182,41797.97739384534,41495.29714143646,50279.39775903857,52293.628763290806,20091.717170430198,15329.611079826089,71748.95929490271,60607.744689827654,82108.5322481356,78685.39648892789,11233.184043507606,11523.453739556471,12573.74817977048,13454.37374535124,13741.030147515663,14381.719110276099,25978.79575278841,24039.035363331837,50072.75202719109,47117.96993116078,56500.631596723484,56136.35593912548,1298.8978305683204,1167.5593842605708,259.61823237546986,268.08661996955135,89.52955843474437,64.65593856477193,6686.881359342445,7281.351049200756,1902.967253780115,1661.5455007592132,838.585328492999,1062.0946599236713,18237.586171765157,18559.082850769453,24960.137636182437,25282.13230251828,26371.541193326877,26707.16636830608,362.2956253947268,299.32143773728376,18.96270798081986,41.760091998045475,4.014480643928408,4.780839563084365,2271.7281860180096,2258.590459029424,675.6387416125995,554.8985561518094,199.34562237431015,239.27607017840373,3482.8364634451104,3553.553635153162,5034.108099836412,5094.172617795095,5439.49928591707,5516.273035298203,5569.035085696207,5548.646953177409,5604.0106700025035,5639.749676074356,5617.325561842756,5626.183231218101,45.362837755862785,76.99918190150778,12.606511852139281,60126.010425039334,59762.333929753884,60048.25299094685,60070.57740913971,59986.89655086485,60168.47661882851,28261.702027375133,65817.8461263012,56107.52099275589,1830.962419793194,1401.8755777055048,863.0710132504356,6403.877897280361,3499.9587459100057,1980.1557445553742,29915.333949110256,13210.975718105015,4832.687881603228,1727.2167481729757,1395.4956693865483,890.982992600189,5476.403654220327,3230.109618557682,1642.2568390733925,22627.653214750437,8731.953844582538,3929.914792086317,26679.06367618546,19046.215462518212,12636.978718481756,261.0356013349346,2825.100764494325,1294.2138393252567,2866.2622027501375,1518.5802992304323,5030.02733115828,1730.420900937187,3370.1470434201397,1935.86356150854,3798.999074883839,1713.1095839189093,7881.4064260141295,3048.3112707837554,649.1443965213848,355.1547411509083,212501.26680170177,299.17096605496846,232.32269291863415,166.50220268500496,1703.6830632747965,876.6321394097272,504.5322327393477,359.2613424331173,12057.506231743735,29.351338116457082,354.842011023044,137.4275052622108,243.92376182662952,199.87009374803324,142.63523376065967,140.1908347666497,68.95593378546432,30.795377909229547,1680003.9330577955,1199994.1106016312,13.666497151679625,15.472216816967302,19.586360392234333,21.330987326101464,19.5138509001558,21.791514186084708,12.587015543573019,10.241149882263173,24.720505916559414,25.301884611341492,30.18677440148075,30.378263691986444,11.168147684524945,10.444952635139714,43.49411819111573,36.95782589151573,49.31424229269153,47.57988099313507,5.154621116659176,5.3783485045926644,5.720242421105674,6.171252121178888,6.177964848547148,6.601163877913728,11.811383257733597,10.841226651231521,22.89930255849783,21.488194068284702,25.53099831526005,25.752364925973023,1.0620092449229996,0.9799783875108845,0.2176486825343051,0.19989796410867275,0.07930714892269988,0.05351386812695817,5.31072788713951,5.315147866546744,1.6550336327613857,1.6158212893322836,0.7520519039201726,0.790256905733842,14.294275827172946,14.271529236406083,19.60551455684718,19.970616408983318,21.012913016706204,21.082436088837245,0.29055199962873757,0.21817089060873057,0.016521395834289465,0.024957294487819595,0.004201949071087335,0.003350782072744704,1.8360613684717717,1.9378086863981838,0.4986620807584688,0.38964614634964123,0.1969102615633465,0.16779359000745925,2.796698815890263,2.9398551106289323,4.053967256976078,4.099508193940894,4.4152280076961805,4.412282791112155,5.3432898355626595,5.341306807295618,5.416854216676256,5.393883619221624,5.378749190579205,5.392128549601137,0.05449893336369136,0.0701317688190853,0.007021875082373997,56.455720073506455,57.42411356431392,57.62006906905766,57.54180994614539,57.60090620464407,57.1417724088209,29.835220989970125,80.11230417825392,50.926674747455934,1.7869076635416286,1.3766414688476412,0.9028163019350673,6.45661820847133,3.7101079633296274,2.020778130035245,28.998219145934076,13.126887485070682,4.868849519182686,1.553380549741657,1.2763374518986836,0.8396894462526402,5.653581312271074,2.880051989445895,1.6934239537470583,21.581048495985925,8.143756102845185,3.254102874471847,26.61610361139089,19.72598876240347,12.96184468853171,0.19517018862675412,2.677280090411068,1.144543677075563,2.9072735778724064,1.4248590535265375,4.47552844453083,1.6201426140185173,3.2075477471734115,1.616813034350275,4.125254067702361,1.7825092351015692,6.866761737593519,2.9445464280682945,0.678384131756379,0.31450387054819806,47.0572768172972,0.3612204595699691,0.28823601506398755,0.19211787252619672,0.7126642613148628,0.37060678356222115,0.20997546096934439,0.4249341897418109,2.3623863538263885,0.006218807544048023,0.1254126594736642,0.0598015049933972,0.2890203861664088,0.263403918791004,0.1821127014143073,0.044467926910656035,0.022031653863285875,0.009058180483067797,60.47998309151498,43.20010391488992
std,33061.121152136075,34502.25951481581,34749.78332258953,35231.86330584476,32152.19739792396,33563.2442564667,34624.36276829922,33920.14342305812,48633.172331465736,46146.824554700004,48254.63110013726,48240.66473349866,51453.26987000195,42420.354176481625,96228.55091686791,84432.78161393257,95430.16467573581,89872.59542683935,10746.832715283435,10364.94094545584,8813.789594341664,8781.240730885003,8646.698071026747,9162.545859750326,35321.561797572635,33279.06034729207,40985.909972978334,38070.37819700228,39759.053305909205,37633.65912874469,2723.918045085748,2372.520677504585,1119.0119056661695,1144.2374425179344,537.4539286676368,503.9021636692271,10393.222030457388,11027.425034928108,4703.535993537571,4725.526581066989,2929.124673811755,4539.740906958145,13730.937602371952,13570.449771056154,13039.62318897048,12863.930087625908,12634.46238041785,12807.15753985296,901.4285646009229,802.0347730164826,164.36796454518284,248.76814275223072,62.38027869101263,77.53895794114248,3911.439201438654,3685.98312701688,1992.6123464027157,1765.5445995518476,888.0877346166852,1183.3226419903408,2979.4912695711814,2935.597992838821,2725.4701457030023,2683.3878194718413,2704.610343086788,2772.730554337169,2506.349572725728,2507.5390088463996,2479.9465360870117,2500.3200279123894,2497.7185299114985,2497.4113455469214,619.7256991288953,783.1465216761342,281.89017460540276,25493.327384562803,25395.676382110323,25412.779951540084,25426.047408940158,25391.08701905499,25488.77433541964,102316.7330499949,171978.96598361214,278105.28897865134,1793.9925831775063,1626.242694269186,1132.166673861862,8379.891235782496,5315.229193864977,4604.138613863975,40764.951334787234,21513.906793266808,9229.090486990097,1818.472458293589,1639.3418034121346,1318.3665409355729,11396.261028732355,9339.352880243856,5313.2590139182175,30713.874465382025,16946.619114309062,10467.954050178667,34933.572916251076,23691.125730059626,17035.92656055677,1133.6677763798555,7578.837702026629,5591.4248344893485,9315.146766923066,7224.721322690509,15985.841560052604,9757.494669154676,7590.022708687125,6460.894576070777,9563.390303211005,6842.117641267982,18847.936317863914,11778.338733176628,1696.1144343457265,1642.4067404704058,131529.52939979924,488.1297468159186,420.3338013506213,382.7896027393848,3424.3006141557535,2512.682575882573,1801.025299555869,841.5994457351021,48531.07632398384,380.09578842727416,1448.667276629699,786.695687306916,372.92316664056534,338.6645315692449,290.65746394174556,309.9152089728533,203.810995154875,133.89621477780278,5553325.396270287,4754470.374110696,20.22126880872097,20.619396273866982,21.548515110460606,21.663252097743868,20.409381365154474,21.33796640109118,22.990644486593716,20.817056324458274,28.904051772700747,29.11175679794978,30.651836720491712,28.541941413340055,29.576084931360942,30.76099655322604,62.285567892929144,54.73484316537702,61.27448571970548,57.84169220528197,5.125654019955857,5.353936935129885,4.391003923495926,4.4527016304548726,4.243864410971449,4.737415867418632,17.181237140988213,15.37600749246035,20.2864265639852,18.2170457994693,19.68581648802577,19.475539571784786,2.2482241659117097,2.1410157459173553,0.9486999221024854,0.8729849818261973,0.5056135638646818,0.39490403792392686,8.611111732015095,8.431963828719649,4.19244062220777,4.67077214710303,3.776419822812897,3.053190373619082,11.643833792116526,11.113313327105743,11.74054990873496,11.696833938072723,11.69200454362134,12.027552163152757,0.7752909429114886,0.5780929371642949,0.15842319641532107,0.17414557361286376,0.05631127635165573,0.053350929129442316,3.23159204099133,3.518983739248514,1.4458090135576704,1.2017508398930938,0.984072192453538,0.8515333453996725,2.5682282871934965,2.6011704366923216,2.471235777932287,2.474732644088087,2.540225380200472,2.572918158090164,2.8417531765378112,2.845959440760576,2.839282111694801,2.831843771667355,2.8289258022232544,2.822918208317869,0.7172902902305008,0.7147846605622461,0.157013900137001,28.117787952313126,28.916120457327185,29.33623355883634,28.754950148454597,29.189436341062276,28.76613090477216,79.08582030696009,224.12547991408502,117.32199885812284,1.7737566437084569,1.6291477627179711,1.2295130546523079,9.645613106865097,6.142550129551068,4.387934653880219,39.87983146497802,21.864132864057208,9.733215352560073,1.7273040494264267,1.5445536757785991,1.275843462820816,12.232979584809184,7.914163977704268,6.751596883601181,30.848649493885098,16.13450859738627,8.758370643686034,33.11491674905632,24.87373459623729,16.92451649706381,0.8088063776567127,7.505618477518694,5.046732681817793,9.830392597765476,7.1743847106464695,15.23556687348422,9.16309176187661,7.325089875103708,5.882730006468724,10.709189355677324,7.242171732505303,16.455790994984415,11.554383961991693,1.9230829248326156,1.5199802324916274,32.25107473872075,0.6106292944734142,0.5460852959580424,0.47382450838978457,1.4581507522490416,1.1142478355199996,0.7758875851709951,1.0494062121313934,9.790397905335452,0.08250539487510604,0.5076909005548561,0.35568779294230746,0.4719740071963322,0.4972520339550497,0.39106266138047624,0.1065901900343305,0.06759046864364163,0.04102466197979012,199.91919034032873,171.16218522052625
log_std,,,,,,,,,,,,,,,,,,,,,,,,,,,,,,,,,,,,,,,,,,,,,,,,,,,,,,,,,,,,,,,,,,,,,,,,,,,,,,,,,,,,,,,,,,,,,,,,,,,,,,,,,,,,,,,,,,,,,,,,,,,,,,,,,,,,,,,,,,,,,,,,,,,,,,,,,,,,,,,,,,,,,,,,,,,,,,,,,,,,,,,,,,,,,,,,,,,,,,,,,,,,,,,,,,,,,,,,,,,,,,,,,,,,,,,,,,,,,,,,,,,,,,,,,,,,,,,,,,,,,,,,,,,,,,,,,,,,,,,,
min,0.0,0.0,0.0,0.0,0.0,0.0,0.0,0.0,0.0,0.0,0.0,0.0,0.0,0.0,0.0,0.0,0.0,0.0,0.0,0.0,0.0,0.0,0.0,0.0,0.0,0.0,0.0,0.0,0.0,0.0,0.0,0.0,0.0,0.0,0.0,0.0,0.0,0.0,0.0,0.0,0.0,0.0,0.0,0.0,0.0,0.0,0.0,0.0,0.0,0.0,0.0,0.0,0.0,0.0,0.0,0.0,0.0,0.0,0.0,0.0,0.0,0.0,0.0,0.0,0.0,0.0,0.0,0.0,0.0,0.0,0.0,0.0,0.0,0.0,0.0,0.0,0.0,0.0,0.0,0.0,0.0,0.0,0.0,0.0,0.0,0.0,0.0,0.0,0.0,0.0,0.0,0.0,0.0,0.0,0.0,0.0,0.0,0.0,0.0,0.0,0.0,0.0,0.0,0.0,0.0,0.0,0.0,0.0,0.0,0.0,0.0,0.0,0.0,0.0,0.0,0.0,0.0,0.0,0.0,0.0,0.0,0.0,0.0,0.0,0.0,0.0,0.0,0.0,0.0,0.0,0.0,0.0,0.0,0.0,0.0,0.0,0.0,0.0,0.0,0.0,0.0,0.0,0.0,0.0,0.0,0.0,0.0,0.0,0.0,0.0,0.0,0.0,0.0,0.0,0.0,0.0,0.0,0.0,0.0,0.0,0.0,0.0,0.0,0.0,0.0,0.0,0.0,0.0,0.0,0.0,0.0,0.0,0.0,0.0,0.0,0.0,0.0,0.0,0.0,0.0,0.0,0.0,0.0,0.0,0.0,0.0,0.0,0.0,0.0,0.0,0.0,0.0,0.0,0.0,0.0,0.0,0.0,0.0,0.0,0.0,0.0,0.0,0.0,0.0,0.0,0.0,0.0,0.0,0.0,0.0,0.0,0.0,0.0,0.0,0.0,0.0,0.0,0.0,0.0,0.0,0.0,0.0,0.0,0.0,0.0,0.0,0.0,0.0,0.0,0.0,0.0,0.0,0.0,0.0,0.0,0.0,0.0,0.0,0.0,0.0,0.0,0.0,0.0,0.0,0.0,0.0,0.0,0.0,0.0,0.0,0.0,0.0,0.0,0.0,0.0,0.0,0.0,0.0,0.0,0.0,0.0,0.0,0.0,0.0,0.0,0.0,0.0,0.0,0.0,0.0,0.0,0.0,0.0,0.0,0.0,0.0,0.0,0.0,0.0,0.0
0.1%,0.0,0.0,0.0,0.0,0.0,0.0,0.0,0.0,0.0,0.0,0.0,0.0,0.0,0.0,0.0,0.0,0.0,0.0,0.0,0.0,0.0,0.0,0.0,0.0,0.0,0.0,0.0,0.0,0.0,0.0,0.0,0.0,0.0,0.0,0.0,0.0,0.0,0.0,0.0,0.0,0.0,0.0,0.0,0.0,0.0,0.0,0.0,0.0,0.0,0.0,0.0,0.0,0.0,0.0,0.0,0.0,0.0,0.0,0.0,0.0,0.0,0.0,0.0,0.0,0.0,0.0,0.0,0.0,0.0,0.0,0.0,0.0,0.0,0.0,0.0,0.0,0.0,0.0,0.0,0.0,0.0,0.0,0.0,0.0,0.0,0.0,0.0,0.0,0.0,0.0,0.0,0.0,0.0,0.0,0.0,0.0,0.0,0.0,0.0,0.0,0.0,0.0,0.0,0.0,0.0,0.0,0.0,0.0,0.0,0.0,0.0,0.0,0.0,0.0,0.0,0.0,0.0,0.0,0.0,0.0,0.0,0.0,0.0,0.0,0.0,0.0,0.0,0.0,0.0,0.0,0.0,0.0,0.0,0.0,0.0,0.0,0.0,0.0,0.0,0.0,0.0,0.0,0.0,0.0,0.0,0.0,0.0,0.0,0.0,0.0,0.0,0.0,0.0,0.0,0.0,0.0,0.0,0.0,0.0,0.0,0.0,0.0,0.0,0.0,0.0,0.0,0.0,0.0,0.0,0.0,0.0,0.0,0.0,0.0,0.0,0.0,0.0,0.0,0.0,0.0,0.0,0.0,0.0,0.0,0.0,0.0,0.0,0.0,0.0,0.0,0.0,0.0,0.0,0.0,0.0,0.0,0.0,0.0,0.0,0.0,0.0,0.0,0.0,0.0,0.0,0.0,0.0,0.0,0.0,0.0,0.0,0.0,0.0,0.0,0.0,0.0,0.0,0.0,0.0,0.0,0.0,0.0,0.0,0.0,0.0,0.0,0.0,0.0,0.0,0.0,0.0,0.0,0.0,0.0,0.0,0.0,0.0,0.0,0.0,0.0,0.0,0.0,0.0,0.0,0.0,0.0,0.0,0.0,0.0,0.0,0.0,0.0,0.0,0.0,0.0,0.0,0.0,0.0,0.0,0.0,0.0,0.0,0.0,0.0,0.0,0.0,0.0,0.0,0.0,0.0,0.0,0.0,0.0,0.0,0.0,0.0,0.0,0.0,0.0,0.0
2.3%,0.0,0.0,0.0,0.0,0.0,0.0,0.0,0.0,0.0,0.0,0.0,0.0,0.0,0.0,0.0,0.0,0.0,0.0,0.0,0.0,0.0,0.0,0.0,0.0,0.0,0.0,0.0,0.0,0.0,0.0,0.0,0.0,0.0,0.0,0.0,0.0,0.0,0.0,0.0,0.0,0.0,0.0,0.0,0.0,0.0,0.0,0.0,0.0,0.0,0.0,0.0,0.0,0.0,0.0,0.0,0.0,0.0,0.0,0.0,0.0,0.0,0.0,0.0,0.0,0.0,0.0,0.0,0.0,0.0,0.0,0.0,0.0,0.0,0.0,0.0,0.0,0.0,0.0,0.0,0.0,0.0,0.0,0.0,0.0,0.0,0.0,0.0,0.0,0.0,0.0,0.0,0.0,0.0,0.0,0.0,0.0,0.0,0.0,0.0,0.0,0.0,0.0,0.0,0.0,0.0,0.0,0.0,0.0,0.0,0.0,0.0,0.0,0.0,0.0,0.0,0.0,0.0,0.0,0.0,0.0,0.0,0.0,0.0,0.0,0.0,0.0,0.0,0.0,0.0,0.0,0.0,0.0,0.0,0.0,0.0,0.0,0.0,0.0,0.0,0.0,0.0,0.0,0.0,0.0,0.0,0.0,0.0,0.0,0.0,0.0,0.0,0.0,0.0,0.0,0.0,0.0,0.0,0.0,0.0,0.0,0.0,0.0,0.0,0.0,0.0,0.0,0.0,0.0,0.0,0.0,0.0,0.0,0.0,0.0,0.0,0.0,0.0,0.0,0.0,0.0,0.0,0.0,0.0,0.0,0.0,0.0,0.0,0.0,0.0,0.0,0.0,0.0,0.0,0.0,0.0,0.0,0.0,0.0,0.0,0.0,0.0,0.0,0.0,0.0,0.0,0.0,0.0,0.0,0.0,0.0,0.0,0.0,0.0,0.0,0.0,0.0,0.0,0.0,0.0,0.0,0.0,0.0,0.0,0.0,0.0,0.0,0.0,0.0,0.0,0.0,0.0,0.0,0.0,0.0,0.0,0.0,0.0,0.0,0.0,0.0,0.0,0.0,0.0,0.0,0.0,0.0,0.0,0.0,0.0,0.0,0.0,0.0,0.0,0.0,0.0,0.0,0.0,0.0,0.0,0.0,0.0,0.0,0.0,0.0,0.0,0.0,0.0,0.0,0.0,0.0,0.0,0.0,0.0,0.0,0.0,0.0,0.0,0.0,0.0,0.0
10%,0.0,0.0,0.0,0.0,0.0,0.0,0.0,0.0,0.0,0.0,0.0,0.0,0.0,0.0,0.0,0.0,0.0,0.0,0.0,0.0,0.0,0.0,0.0,0.0,0.0,0.0,0.0,0.0,0.0,0.0,0.0,0.0,0.0,0.0,0.0,0.0,0.0,0.0,0.0,0.0,0.0,0.0,0.0,0.0,0.0,0.0,0.0,0.0,0.0,0.0,0.0,0.0,0.0,0.0,0.0,0.0,0.0,0.0,0.0,0.0,0.0,0.0,0.0,0.0,0.0,0.0,0.0,0.0,0.0,0.0,0.0,0.0,0.0,0.0,0.0,0.0,0.0,0.0,0.0,0.0,0.0,0.0,0.0,0.0,0.0,0.0,0.0,0.0,0.0,0.0,0.0,0.0,0.0,0.0,0.0,0.0,0.0,0.0,0.0,0.0,0.0,0.0,0.0,0.0,0.0,0.0,0.0,0.0,0.0,0.0,0.0,0.0,0.0,0.0,0.0,0.0,0.0,0.0,0.0,0.0,0.0,0.0,0.0,0.0,0.0,0.0,0.0,0.0,0.0,0.0,0.0,0.0,0.0,0.0,0.0,0.0,0.0,0.0,0.0,0.0,0.0,0.0,0.0,0.0,0.0,0.0,0.0,0.0,0.0,0.0,0.0,0.0,0.0,0.0,0.0,0.0,0.0,0.0,0.0,0.0,0.0,0.0,0.0,0.0,0.0,0.0,0.0,0.0,0.0,0.0,0.0,0.0,0.0,0.0,0.0,0.0,0.0,0.0,0.0,0.0,0.0,0.0,0.0,0.0,0.0,0.0,0.0,0.0,0.0,0.0,0.0,0.0,0.0,0.0,0.0,0.0,0.0,0.0,0.0,0.0,0.0,0.0,0.0,0.0,0.0,0.0,0.0,0.0,0.0,0.0,0.0,0.0,0.0,0.0,0.0,0.0,0.0,0.0,0.0,0.0,0.0,0.0,0.0,0.0,0.0,0.0,0.0,0.0,0.0,0.0,0.0,0.0,0.0,0.0,0.0,0.0,0.0,0.0,0.0,0.0,0.0,0.0,0.0,0.0,0.0,0.0,0.0,0.0,0.0,0.0,0.0,0.0,0.0,0.0,0.0,0.0,0.0,0.0,0.0,0.0,0.0,0.0,0.0,0.0,0.0,0.0,0.0,0.0,0.0,0.0,0.0,0.0,0.0,0.0,0.0,0.0,0.0,0.0,0.0,0.0
15.9%,0.0,0.0,0.0,0.0,0.0,0.0,0.0,0.0,0.0,0.0,0.0,0.0,0.0,0.0,0.0,0.0,0.0,0.0,0.0,0.0,391.68277128131996,0.0,2028.7567002380742,1846.0522294646971,0.0,0.0,0.0,0.0,3952.885648363647,5775.763536578952,0.0,0.0,0.0,0.0,0.0,0.0,0.0,0.0,0.0,0.0,0.0,0.0,0.0,0.0,4272.7734653347525,7878.122551059567,15586.712646474434,15088.696032608561,0.0,0.0,0.0,0.0,0.0,0.0,0.0,0.0,0.0,0.0,0.0,0.0,0.0,0.0,0.0,0.0,3436.0134517881547,2795.67101572062,4385.023714916436,4372.0279006014425,4654.813572259718,4749.949242361533,4643.493791122252,4750.474452957995,0.0,0.0,0.0,56083.03060021556,55069.96108049761,57622.859217371195,57407.00525862359,57109.81107555083,57372.21733707847,0.0,665.7626304358084,639.9967577256489,0.0,0.0,0.0,0.0,0.0,0.0,0.0,0.0,0.0,0.0,0.0,0.0,0.0,0.0,0.0,0.0,0.0,0.0,752.7370542850389,1075.7923800473557,753.6309081237064,0.0,0.0,0.0,0.0,0.0,0.0,0.0,0.0,0.0,0.0,0.0,0.0,0.0,0.0,0.0,0.0,0.0,0.0,0.0,0.0,0.0,0.0,0.0,0.0,0.0,0.0,0.0,0.0,0.0,0.0,0.0,0.0,0.0,0.0,0.0,0.0,0.0,0.0,0.0,0.0,0.0,0.0,0.0,0.0,0.0,0.0,0.0,0.0,0.0,0.0,0.0,0.0,0.0,0.0,0.0,0.14939520968846212,0.0,0.7056937398350638,0.604190232390721,0.0,0.0,0.0,0.0,1.5310707034510889,2.2276287540176245,0.0,0.0,0.0,0.0,0.0,0.0,0.0,0.0,0.0,0.0,0.0,0.0,0.0,0.0,3.491330983014644,5.263253488046475,7.472135984609171,9.741257396920364,0.0,0.0,0.0,0.0,0.0,0.0,0.0,0.0,0.0,0.0,0.0,0.0,0.0,0.0,0.0,0.0,2.1437392374797795,2.092312471593313,3.047063202972188,2.9428509160507454,3.3039496931456402,3.3153577685728233,3.2141832034468036,3.2643247507383037,0.0,0.0,0.0,35.7827196395635,37.134472184479115,37.04945757720595,36.82314904417172,37.380688818586314,36.586911854814396,0.0,0.6484258988971663,1.0850625431587988,0.0,0.0,0.0,0.0,0.0,0.0,0.0,0.0,0.0,0.0,0.0,0.0,0.0,0.0,0.0,0.0,0.0,0.0,0.9922938266809334,1.1245377633500235,0.5625999653616647,0.0,0.0,0.0,0.0,0.0,0.0,0.0,0.0,0.0,0.0,0.0,0.0,0.0,0.0,0.0,0.0,0.0,0.0,0.0,0.0,0.0,0.0,0.0,0.0,0.0,0.0,0.0,0.0,0.0,0.0,0.0,0.0,0.0,0.0,0.0
50%,7139.509423272537,13462.45052317058,22675.500698016775,28100.61337403547,24792.403883108633,31171.328649812323,0.0,0.0,27522.018668030832,28281.469600021526,41158.60423510477,43491.32871753809,0.0,0.0,25425.468667819892,25620.697919604423,51602.30585568351,49218.938840018236,9118.337919670925,9785.171761195596,12818.247016629386,14622.27737399979,14412.316901896964,14810.915250332859,9426.795789123342,9655.049825912574,45334.05722594239,42166.286373529336,56418.71419509983,57584.01705934097,0.0,0.0,0.0,0.0,0.0,0.0,0.0,0.0,0.0,0.0,0.0,0.0,20293.37695768939,20690.301972202156,28238.67651497382,28679.06121532136,29053.052678689393,29611.09283473702,0.0,0.0,0.0,0.0,0.0,0.0,0.0,0.0,0.0,0.0,0.0,0.0,3907.3608634125585,4085.515395525961,5704.394433342595,5779.821525599171,5947.112475065285,6046.959290902126,6276.897543206584,6231.290053953031,6294.597494874076,6276.001152817181,6270.348279727999,6281.667840845304,0.0,0.0,0.0,68625.18930010324,68222.44185424643,68492.10563157621,68428.58618871206,68323.34841952703,68555.16368031802,6359.850587636407,19671.672333151575,12772.605555222195,1475.4207631497816,920.7969454045203,474.25383458913313,3940.1624121314017,0.0,0.0,17881.02331997408,6730.853958890834,0.0,1396.9723423076966,897.4548631519795,0.0,0.0,0.0,0.0,0.0,0.0,0.0,16019.736934206443,11499.903289345637,7181.267754074646,0.0,0.0,0.0,0.0,0.0,0.0,0.0,0.0,0.0,0.0,0.0,0.0,0.0,0.0,0.0,258428.91136439575,0.0,0.0,0.0,0.0,0.0,0.0,0.0,0.0,0.0,0.0,0.0,0.0,0.0,0.0,0.0,0.0,0.0,0.0,0.0,3.6765566848137854,7.444529185748286,13.057113311563862,16.226335297949568,13.752386203321713,16.837827338543704,0.0,0.0,15.734909441537763,15.002249825413884,23.1998498363547,27.223039942042767,0.0,0.0,14.014803299113762,12.425200869909549,25.570596440742634,26.717191900257085,3.766577770641713,4.2132490469205806,5.493581657348958,5.96984376659899,6.220475163975058,6.602796424798866,4.16676946018558,4.219917082409166,18.860077702376344,18.043160931056942,24.15900066930206,24.568519743562945,0.0,0.0,0.0,0.0,0.0,0.0,0.0,0.0,0.0,0.0,0.0,0.0,13.903202058078385,14.457766139540581,20.071379868688375,20.821897411891293,21.96099749388795,21.892494751248854,0.0,0.0,0.0,0.0,0.0,0.0,0.0,0.0,0.0,0.0,0.0,0.0,2.7229300436496446,3.0623894097922055,4.25914394805122,4.249050549620551,4.588860552967635,4.484427384908562,5.597245387485225,5.622854032797296,5.6770314918114675,5.634493719752087,5.6276019079921245,5.636539883014388,0.0,0.0,0.0,60.85197160648025,61.36030423792287,61.369648271615745,61.08708835275461,61.14603327114552,60.97021363236434,6.505138878960901,18.749021358363247,15.045296976240769,1.437290039778707,0.8976633663017766,0.42710531809372176,3.3301557686628307,0.0,0.0,15.694816047666597,6.062359468562736,0.0,1.1506430896466604,0.743132151172009,0.0,0.0,0.0,0.0,0.0,0.0,0.0,16.47987436552379,11.810927800775817,7.476377921456986,0.0,0.0,0.0,0.0,0.0,0.0,0.0,0.0,0.0,0.0,0.0,0.0,0.0,0.0,0.0,52.732034600319,0.0,0.0,0.0,0.0,0.0,0.0,0.0,0.0,0.0,0.0,0.0,0.0,0.0,0.0,0.0,0.0,0.0,0.0,0.0
84.1%,52807.384539488085,59932.11936806774,67675.06901061,72084.60435005063,68193.34109310858,70988.06032608556,55152.5464708388,39822.69258607169,87080.43919510463,92343.15544281426,99843.89351263538,99317.17659145029,35607.235553402475,26325.495617947865,174093.61165954205,143553.69023684648,177061.60609456943,175335.38279065042,22305.016830402237,22891.455083512425,21353.776830851144,22018.263825956794,22154.74633556097,23366.29459245182,61950.613308439744,52722.39246040832,94814.68605183947,88656.2357492316,100858.91218565758,98137.7129159565,3524.7439168087426,3436.9917961129654,0.0,0.0,0.0,0.0,14675.196661723567,15960.585401979055,4983.596458270463,2977.3431825599446,0.0,0.0,31869.647087597044,32356.61667730512,35938.80199567039,36192.38745601747,36844.775962739004,37204.70342080611,849.7601327794737,317.26649699836724,0.0,0.0,0.0,0.0,5379.901834031447,5167.052426847675,0.0,0.0,0.0,0.0,6714.17454590184,6787.406113350152,7282.596120553306,7361.341942469258,7563.781953940615,7584.679028924246,7422.644013970397,7398.680344621349,7395.063728887346,7476.324607834769,7468.565736970952,7452.72114671412,0.0,0.0,0.0,76044.84410907951,75869.48877336958,75821.08997876041,76070.31263057784,76085.76101228423,76321.03978116951,37452.314690280444,102193.22065563945,68778.77056375735,3726.7580265104307,2741.170135794092,1838.8596668208363,13101.284684150203,8083.601207235744,4675.465468688782,58404.26032120946,25314.79685021854,11470.517881085447,3554.1695646780254,3060.5889267273064,2015.1078423907932,15181.663204422422,6600.098745062295,0.0,56698.817086386036,25342.41173946423,0.0,49185.857924232776,35613.79118726827,22356.324900988147,0.0,0.0,0.0,0.0,0.0,0.0,0.0,11488.625845287794,0.0,5890.1164576957035,0.0,23149.16010188622,0.0,0.0,0.0,322137.7308215705,779.5300814032812,696.712495725305,490.90823358094065,6681.351022710844,0.0,0.0,0.0,0.0,0.0,0.0,0.0,657.1356117865848,564.8310983406401,476.24600359392406,428.9757051082837,0.0,0.0,0.0,0.0,32.390853853118685,37.717483369128146,40.47121099259025,40.16263097659019,40.82880186369719,44.178163812337836,31.726693893636963,25.641664279500038,51.64109678018883,57.60350422459664,60.42954375531526,59.38354164259103,19.835295479589757,16.10469692399417,99.83002819493139,87.50690134030664,108.372446995803,103.02450442288357,10.788454441102315,10.672864711320965,9.970807177678541,10.602234797697454,10.132082235974195,10.854892800595199,25.937230839870768,23.57046834696752,45.443705329548735,41.150028007836795,45.078513103726515,44.087629345848036,2.827435086527778,2.4620882440251637,0.0,0.0,0.0,0.0,11.09237032330254,11.493101154545876,3.7138590668693565,3.099092629787628,0.0,0.0,26.209378200863803,25.21484890925731,30.19215048746607,30.26879721857996,31.121186248864518,31.636921171099168,0.5845554018574919,0.24020011295492938,0.0,0.0,0.0,0.0,3.946798589163928,4.103262397889339,0.0,0.0,0.0,0.0,5.462131650361302,5.577116090928551,6.248943703566903,6.370482421912491,6.598467173871458,6.562472353744124,7.758617804089174,7.833690117419542,7.881570986003123,7.8505753260157976,7.825976097744995,7.879009464928612,0.0,0.0,0.0,80.61969052295261,82.0153165523813,82.40601258794408,82.02856316097899,82.82035623890785,81.14860598111561,45.154679789128046,106.38344641990187,77.20894061344367,3.606871385085864,2.694297066515889,1.922161434099963,13.214680573261303,8.202258350621507,4.760796471981445,56.02245444351551,26.238146027737482,10.20846871802721,3.278227210362901,2.8646068155506668,1.9079121091071503,13.706709797332858,5.312438802105867,0.0,55.174005604026284,24.445746720666275,0.0,49.307902043290014,33.09794518841946,22.499273688213567,0.0,0.0,0.0,0.0,0.0,0.0,0.0,10.2576387090795,0.0,7.133599781324236,0.0,17.611314965039725,0.0,0.0,0.0,77.0348816139727,0.9387066397189323,0.8112609910139484,0.5256391688246013,2.6059608265747096,0.0,0.0,0.0,0.0,0.0,0.0,0.0,0.7392550853311189,0.670739245805791,0.5233958818153605,0.12501557936756794,0.0,0.0,0.0,0.0
90%,70901.8815634414,73064.2064373633,84103.6437182054,87904.1174733933,78883.10496202797,86344.88907445347,71411.77354517042,68015.26118756452,108052.3641205585,105988.71641849827,118034.48531733698,115985.69352166067,75775.85572893148,53194.622533092,230005.15813645298,184743.01528240857,218574.23599393782,210054.56539675256,26601.83307423934,26203.135232268727,23585.122489612393,24165.331054624625,24559.70413737432,25536.28305093663,81150.18988669064,72495.80177554392,106316.66775060623,100186.41952241791,108955.93080014994,104986.87821832544,4793.555760314247,4534.577206507241,0.0,0.0,0.0,0.0,18128.541110368646,20221.07144400766,7042.426218942189,6255.806565529453,2758.685745463858,1464.020398691923,35663.230891779254,35187.541957816204,38561.3867961906,38382.345606621755,38856.749402396206,39690.92505273965,1664.6387924588125,1363.3644941596722,0.0,0.0,0.0,0.0,7041.645216919329,7009.837965801219,2627.54683158218,2287.3631437129793,0.0,0.0,7293.245498184504,7380.122594810055,7779.84483833421,7812.907925857243,8079.241338111491,8026.286901190555,7798.531897975922,7734.692267816593,7758.152496761739,7840.730943047845,7818.546757423241,7812.788005531617,0.0,0.0,0.0,78192.35392742555,78067.84776245758,78151.15014648838,78288.60656392157,78020.39691582111,78537.36770935875,64307.67199840394,161900.6206329018,118392.93166798956,4200.185101812524,3441.0753787931008,2535.037255191318,16527.702190866257,11015.1101914396,6206.562827479199,81485.74866474784,33368.83333054442,15013.169890761554,4307.401349856498,3734.322649266345,2641.394397386129,19517.023852908773,13107.974262911159,6183.097240802359,68230.89740596042,34481.436378661834,21825.1437429738,63425.92845301964,49072.78739867461,28400.507137199074,19.342791715220848,17202.05464070363,0.0,221.3060747105351,0.0,20161.67352963023,0.0,16258.630348046563,0.0,19586.013848390066,0.0,37786.74420204214,0.0,3995.7374018151568,0.0,340148.5456225837,989.5770833664762,846.4419981892444,744.444655486311,7076.914836455465,6219.7511198438,0.0,2127.5013217461633,0.0,0.0,0.0,0.0,773.1735236383173,675.8524342353834,602.2951464935314,604.9477359408795,334.07761958829406,0.0,0.0,0.0,40.8289072800647,45.584445102449,48.10106041638649,50.11474461733399,46.51822115312528,50.60685746242065,47.21117013373317,37.28113645721329,67.24464644511878,65.53808315181047,73.93862134960764,67.91106340902328,38.61340427835095,35.98118391407566,133.6478329780903,118.23714222367178,139.9021603830266,126.50439602435019,12.372861182937447,12.542333153643323,11.354980157284205,12.255251446691101,11.793366631545712,12.296206677737,35.80477661673854,31.66644795268429,51.91219371042225,47.722976856032886,51.37200936323304,51.08902620305782,3.850175570091053,3.8285913466407315,0.0,0.0,0.0,0.0,14.153840565342225,14.921719017467954,6.377350893327947,5.7927649499614775,2.0012609266060934,1.721630561104485,29.314936693865132,29.057410286277797,33.90942878074777,33.78845833460041,34.54758809918829,34.63970073799316,1.2327774517021672,1.0772437334193368,0.0,0.0,0.0,0.0,5.509524724091586,5.919335755371579,1.7859608053088651,1.4794518865240744,0.0,0.0,6.154966497699369,6.50635739556734,7.008504237430368,7.076363117915432,7.301791823162784,7.227277671841081,8.556743135329599,8.618755254418888,8.540914963344111,8.512633752534704,8.605017744282593,8.598451704929275,0.0,0.0,0.0,86.46172889727195,88.3047360643175,89.0783641662734,89.48012585074727,89.6238044828218,87.84443533210218,75.00944014731151,164.15068374755717,111.34410164954619,4.160831485252831,3.5795322227324142,2.449155034575052,17.311476719557415,10.843116515302286,6.4729319432683186,77.84794622393139,32.72867803277596,15.32346869310661,3.881476219985489,3.43065054089918,2.4249901490590258,19.51508514806939,10.85282814061252,6.787658042699448,64.43138678732423,31.843985226071986,16.0657897084902,62.63211459412335,44.53703128483286,31.64217252618516,0.02233796814832318,15.055561778295433,0.0,0.3654737964955909,0.0,9.133378524889602,0.0,15.507767026079042,0.0,19.817624300304004,0.0,34.28786945570125,0.0,3.7052457611089538,0.0,84.27729928041887,1.173804703798002,1.041644356285795,0.8328250837655651,3.2278724419848333,2.165983093184745,0.0,2.294182902602648,0.0,0.0,0.0,0.0,0.9103540804264151,0.8762897336622403,0.7243457944933265,0.18088922391296083,0.10560845205208978,0.0,0.0,0.0
97.7%,120428.5529647119,120771.43735117122,117278.2304217643,123453.36945131986,109759.75373498903,111770.9764911077,118058.4914416775,117105.32839276291,166903.14617236902,155792.8768168632,161131.79504329388,161908.3158312272,207673.7195468394,154203.2366622926,324856.50136297353,281736.3688232717,310426.88538289577,299423.10683289735,34020.188902180256,34353.113824059896,30784.748048120582,29855.728426580466,29950.90456218365,31911.249157074013,128731.04887211988,115376.2277685802,137128.0469793674,129400.14740969564,131579.71597315397,130167.60063639439,9696.863088549451,8434.157449117953,3577.35135108315,4569.868334182659,1712.7728464380411,0.0,33960.393580647666,40513.0794450063,18145.196512537997,16329.396492048476,9736.741871810207,11812.745277310867,43019.68878689307,42478.28820973339,44764.43056995695,44288.39582762661,44824.8177033447,45224.95114791177,3348.4747833073866,2776.6568220867084,0.0,923.8256925233055,0.0,0.0,13474.421158884585,11957.462014915296,6558.385988147824,6466.197040004902,3466.644078322251,4139.3660072662515,8549.338571361843,8465.228334390487,9383.833094515405,9074.99728363924,9814.804149336947,10190.430268090297,8711.692054906904,8631.56960693454,8591.532172621508,8806.073288961165,8702.7062244794,8745.580502522766,0.0,0.0,0.0,83559.7340465951,83889.50813196687,83840.95313509833,83803.8487869299,83713.56712966828,84338.01317551371,208405.5426039742,412174.05073833826,364539.9397973619,6101.159686269639,5931.8291623406885,3817.3788675416686,29267.17300582436,17635.49453445252,12677.076764524412,148219.02273162038,73489.83397045544,32399.496365316274,5927.752310202849,5526.442007397838,4564.955282172575,37015.43775718572,30316.387869186095,17359.342010007244,97009.87422266537,55537.658367712684,36070.64140028381,112887.06805629967,82456.06732822038,64628.02323421892,3418.1699419322013,26564.220044406975,24025.73964727506,38116.2627601323,33874.95703222539,57994.61885899862,43946.24384605959,24503.162360074322,25650.948051870047,31080.175721417392,30487.049784408136,61810.677722641616,52814.151505838956,5691.744751351876,7441.5523056822485,392439.4574816957,1538.778177132059,1356.4103369088737,1333.9525599264307,12427.26284451363,7629.023448973304,6985.291554233722,2630.1795555224016,218034.2785687775,0.0,5485.7378019476155,4101.937136281613,1195.457394974955,1090.635928232848,1004.083318475831,1071.746233770623,773.885644629574,555.361897287764,20000120.92499061,19999935.40040168,68.09494949819208,70.69494056049753,77.26691860072143,76.20449249780305,72.87441495155439,73.86395331901286,88.59557733641022,73.46860295999676,98.98819206229645,98.30392657926204,102.98514499576997,98.706274451815,102.12886686923056,103.55760444838066,227.44955031596933,196.50673697030697,201.447856070063,210.39774997746895,16.76470527330555,19.91493325946513,16.383082135865017,15.946962892340862,14.874417145854908,17.8148413535607,63.60724266266126,55.302792386955076,68.01459972209081,61.87984946279366,66.72220056440162,64.85023353242502,7.752394987762522,8.06751233631261,2.9618259232759954,3.593821544259001,1.2603504261693426,0.0,30.512641243007923,29.230459379574516,15.897404298540309,14.512224052399976,7.516360302320988,10.071387260908109,38.72903736320407,36.76527430340832,42.732258872691595,43.59209136641245,43.13533120372337,43.04961843038536,2.9195137603379386,1.9599066653869617,0.0,0.41284564028774706,0.0,0.0,10.81310368085959,12.728577308113515,5.330347665113355,4.916470911087821,2.9003286088884654,2.5277575261655487,8.368325806702403,8.21228472315269,9.037219758085376,8.800729357351777,9.389271099185965,9.90678099982866,10.614921420622396,10.560685060426879,10.707821612646715,10.742772663005326,10.594677534842829,10.555063204656054,0.0,0.0,0.0,102.13848245234064,105.41688418101194,109.5554700779981,107.0453035818515,110.05378992925631,106.98359179602313,208.8243288282024,525.8278985406596,410.42730252021096,6.664382608404786,6.413131278231312,4.456630363239794,30.226442761311862,21.20897449313904,15.22703728616531,146.81671754383333,78.0637184862651,33.90725942361316,5.753283073790626,5.218597981943738,3.9251487060765515,44.54552970930998,28.481177522078422,18.69987788891794,97.25074469114045,52.688339018004065,30.803054803334355,120.15559659240743,96.18821690827902,55.717960702925055,2.6512272817391205,28.00078132508025,20.24173849028308,36.16812980878844,28.14087842939441,53.48336323823844,41.955959581145365,23.65890429641227,22.16139943698094,36.233487920282286,31.157431572985246,57.6176134222025,51.11512376553549,5.803547531329374,5.206189557838865,104.50529567940876,2.164036954631078,1.7241012768566206,1.4934281441247643,4.517667856947387,4.12766446330089,3.3709181931501333,3.5294898242888806,40.94697897948389,0.0,2.1372791358931544,1.4631371487614098,1.485692503265815,1.6462216451805578,1.3350114653420704,0.335921184059727,0.24000567286627608,0.17509789361963096,720.0051711506045,720.0029794546541
99.9%,164252.44448438918,178346.65382875403,157145.0319042388,181973.96366809422,145839.7178726967,167684.17050602467,190472.56935784646,211037.12913655056,292792.4469691948,254527.31406237907,232972.6415015318,234357.03353367368,308596.96246928675,345600.179259123,446079.22190170095,446294.9349835484,455596.4274504763,443123.2786450471,53882.63316447676,44784.105039470385,36637.176854312005,39953.12108505618,38741.578314828475,45586.11094037771,160324.192230199,184221.51184902535,160807.4740325314,159350.6182816743,166267.73311356764,150842.35969531746,17583.952155483723,12014.45361152506,10658.789978449384,9105.324145234046,5494.829781634617,5724.1003202325155,79863.69736657369,70523.383618818,30818.369544010504,40026.59896920302,25372.657386284813,50206.70594589308,53786.34306931075,56893.49267073001,54881.09151740655,52709.88962819049,52056.36493882087,56282.27484367444,5087.13561077897,5301.8304347047,1773.1981553554128,2065.6036714552442,951.1877326387075,1195.7657820496356,25125.719679344464,25252.58670348455,14253.836182745323,13457.63531646034,7931.783196681211,11938.404303871554,11109.666135357988,9970.865268852052,12138.958606935099,11672.967427376789,14493.803447405595,14659.008637396062,10300.440434264976,10692.655543501853,10072.781957822914,10025.784211605538,10098.834518013362,10181.89891053517,8707.40879940334,9442.513269131012,3157.931218961099,93549.45759264664,93638.72798516862,92802.43721664713,90056.17867221765,91551.42088818958,91706.25033003937,1400376.3773690606,1925674.9471310242,3482001.1482893396,9060.912757339907,9642.652888235407,7121.330340253267,52139.603406571856,32308.159373779436,43899.10288356237,237592.5821625132,146580.76189553604,69096.36022627659,9446.235778460366,7593.270061021955,7336.414133940049,96772.8142341054,85847.61195367502,38536.723116454225,136565.0045021406,87266.41763461976,63005.514840814976,263733.36454130424,173942.34335381252,137731.28599508997,11506.24797252616,34342.29534595911,38177.52589194963,53206.37081706246,46386.985073991666,105938.99422362405,74726.13168352372,44954.568501821814,40994.36441930712,58177.94194711787,44367.57514415365,131079.0082855341,68313.92763674127,8872.087420081543,12309.283182302095,455080.8410300247,2958.174148225138,2402.941957673874,2155.896662619813,15014.299996146168,13159.836185474036,8835.198804706668,3141.3417366780723,248929.1444145696,5220.127546952123,10863.098975270492,5292.9426811517715,1886.8600102686364,1806.8941063868492,1690.8340612595362,1713.3055577125526,1161.6480948751869,928.7266981536598,20000565.243280612,20000269.302518625,114.35185394237385,108.97083500758693,106.33714191791077,122.58345344864628,106.55382753607947,103.1504388768668,126.21275499965289,167.56142257870937,147.90621848032404,140.05700796021134,154.29729923768818,138.90052371944998,212.90816446213174,248.58352113254273,315.9049133402018,276.5846209249183,364.42033207088144,294.0942966756117,22.515004482986694,25.651968930132945,21.403025876264458,19.992171932240907,23.911969063206406,24.965462605977695,96.8388960486821,92.4480997082405,92.91855189471477,72.38202715864205,100.90557275382194,107.89614562509782,12.601952546019017,12.967025586748415,9.33732320367043,6.922778323937717,5.220621976093138,3.9570437858540912,59.440363663176555,59.9455392442596,27.40538160475732,37.671424574701874,44.66835570860699,29.875508301081766,52.75256861698232,49.38383734497026,61.71675778151891,60.56520154910363,59.214023666886135,76.79921246389983,5.3147343952950115,3.624917785033066,2.146562738185466,2.0969754884851373,0.8303445999851217,0.8379074653763956,21.689326550732073,26.60624648377249,8.93817202484237,7.705193650068743,10.245952506064988,9.205638202311022,11.034303612436892,11.319078318869721,12.074489578693159,12.333094003211885,14.931078266549216,15.071196953129514,15.432919530966696,14.36424959303978,14.304807164964567,13.831943400380693,13.836655338496945,13.19523574641884,10.219315208047055,8.684159589231381,1.7589797081348029,129.21283364058374,154.34958908016273,145.10359195783386,129.34044071373717,141.06245044490245,145.98081155150015,899.594132887738,2257.9188950508014,1038.7569262556513,7.866828365891904,8.014468286191367,8.190689534014558,80.55422492042752,39.34043393288977,31.218787314388255,226.40655103461654,176.45793225055033,72.93890273588369,9.752897397003347,7.7768401858054395,8.046201033011563,86.17264979559253,57.90164634635514,73.01793293719814,163.43299253146776,92.55468434129322,50.35115696627303,246.6277462711127,166.79107316433797,118.31053337249678,6.924726706610198,40.09142398579903,39.935153942938435,69.77057977002677,58.98066923786528,123.94094422214353,73.50029537038228,41.96902622903547,51.132481161052,78.31639346831862,47.30273616835637,84.45896435402648,71.61642164244151,15.059298185522287,14.452456927362434,142.8208415837114,3.4371047246794273,3.629329360312415,3.617553342484622,7.8502080562548455,6.585094834250792,4.590580288916007,5.594930087382469,62.229949296583314,1.208629093818893,3.3064796975288844,2.8053279054574936,2.9810549818251735,3.245444972730737,2.3422433399252567,0.8265416719009607,0.4839185019565314,0.3177893025049578,720.0136927263578,720.0134376430966
max,167350.93535958757,184593.42690328264,163188.9580625551,213981.4290936432,150807.09490659815,181325.81745716016,195834.7248473445,240842.261750163,314967.72620377556,295063.64021684014,238700.0677966058,245733.6315507396,320365.7719449094,405880.3736385061,451951.2175181933,461545.2976975486,457318.9679262391,494399.85199522914,60844.05362141721,44920.24130763683,37068.28881508148,42042.8669184277,40882.10619708983,48361.98166455362,169163.87263455283,195490.36163435612,164014.04066607694,162887.74069795554,172587.47800927912,151473.56100671348,19538.050205736232,12048.842913714416,11046.565078756514,9831.835892796096,5905.674958653286,6056.962697604546,91423.92264908273,78488.14990950676,30892.125370078385,40292.939044922954,30365.363911327866,59115.05210855486,56071.17645097298,60159.9710210617,58007.95640331777,54415.02093216478,54004.29496449002,60077.36731143155,5176.762597070618,5711.676361308431,2012.778734106444,2225.288956491773,1206.6395926134946,1473.1555300339442,25151.05716323923,28220.278001407583,15830.494039818535,13901.58504055866,8174.040057048974,16007.89246926682,12105.993094963103,10007.409207618228,13588.403386649969,12569.149053895588,15840.769128691869,14697.514646889129,10650.581174491504,11417.919385102627,10321.703128494653,10239.884850723614,10282.896437293177,10285.058468596666,11287.850842564174,10308.9586254115,6303.255926069641,95537.83842787624,97659.8914141957,95450.28734447632,90725.7504957278,92879.09888246078,93351.1820110352,1778654.1858159662,2971387.903705981,5904225.757613396,9738.002985805966,9732.596052338145,8111.008528683051,56327.66519995035,36915.12473860177,63882.19448517064,250828.42900865513,151287.84198532894,69974.95769127653,10251.07953012307,7716.18522678563,8052.965519822463,109308.19072745992,123782.92898167719,39092.04995753442,146415.5454035826,92300.15795111343,69395.76135204537,267497.1604893069,186972.13060587374,157878.4420700264,12639.234923821441,34791.91523709225,39028.96549640633,56156.65733070574,46482.7715235337,123177.58678810528,76509.47646264562,55914.617799087224,41917.50318317848,67390.03144195968,45626.724001417475,149657.3452206221,70861.20994099272,9293.28633911064,14428.17969809086,464634.60604731855,3088.1399466069115,2460.092673667597,2413.4559858298708,15246.504166770674,13998.985853320622,9234.460507302856,3263.8373001027576,252844.4261012204,5427.222665202317,11415.177018428727,5305.405034854732,1894.083821961724,2023.8828920657982,1855.5953482024518,1825.6129585457754,1233.0552360798365,964.3491046443587,20000591.17357131,20000291.064502485,120.35290054003904,111.68889105938156,106.50415970670296,124.5352282094248,113.35325692552561,107.6878389831115,129.92087164860865,204.96192098880783,151.64928926293464,147.14704409212877,157.0475356429943,157.31238075149534,220.87190781954243,278.56135930148963,324.7906445060666,283.8137608400387,401.82581730323716,297.7907434489754,23.70926786021504,26.360259180803915,21.44696755068687,21.18730889918051,27.211310774058955,25.96235766866058,97.93280536985205,98.98707844162941,94.60577673077071,72.62524921726427,102.37483026704102,117.94232286805227,12.64761455239294,13.850534052388094,11.313674935198515,7.184909177944043,5.875792038415726,4.147939939486734,62.41095346487766,62.48385439450079,29.20104798054844,38.60904087593608,68.99404496133218,36.32029795240455,54.6102386300098,50.73242264131061,64.26110654119692,66.89775149604594,60.405881104473266,96.72839858851108,6.311956772654904,3.668156702482804,2.1998508077071843,2.165749487512167,0.9266986790902234,0.9436691132924635,22.73665035686648,33.556062966892206,9.674821751161945,8.2193358288504,14.064334377428777,9.8089053283818,11.335138227565915,11.664446670759665,12.46158125367417,12.655468021014935,14.958144771780264,16.924909493903634,16.887765398153327,15.564629144885348,14.827263955113532,14.347667943096738,14.286530411959648,13.352899139907407,11.441672985088221,8.989589348991522,3.5109375411869985,131.653311992091,173.04561614137793,151.76329117299966,133.09309061902965,144.04713970551384,164.57053383851817,1088.528274187507,2689.540049542487,1060.0950942506422,8.065508785049632,8.116203811666207,10.104908381756497,116.52832867212878,40.0298010213178,35.63171915599696,241.02067233647702,190.88693216807008,82.96687805309061,9.848814850455357,8.576729327205594,8.637236694440404,92.05044470934969,63.83186981992215,108.94718150216652,174.59272549277176,98.79697921085044,51.29571720834645,268.2921514138165,173.23598184952382,123.74152740553842,7.936685856191651,42.75489323177767,43.49730220054773,71.62803513233237,61.45555616885144,172.50532045965838,74.67852310991321,48.05108201263895,66.18586507820113,89.3258927136301,49.27971646342895,84.89622220927484,78.31356012706804,20.14420853243612,18.297903779214263,149.070625256236,3.6961497343608616,4.184123796673876,4.302499130127742,7.897899869389512,6.735581830218758,5.207411431231544,6.292638645698413,63.95415420520359,1.2974261270193275,3.5849914233559206,2.825944186973581,3.452711812214242,3.2455876655425917,2.6296669115188864,0.9971234653258565,0.6164961646259174,0.3580712292988465,720.0140690054285,720.0143112093747
